iteration,a,found_x,certifies_recourse,exec_time
0,"{'u': [9.0, 50.0, 19.0, 1.0, 1.0, 1.0, 1.0, 1.0, 1.0, 1.0, 1.0, 1.0, 1.0, 1.0, 55.0, 85.0, 47.0, 23.0, 1.0], 'l': [3.0, 0.0, 0.0, 0.0, 0.0, 0.0, 0.0, 0.0, 0.0, 0.0, 0.0, 0.0, 0.0, 0.0, 0.0, 0.0, 0.0, 0.0, 0.0], 'score_ub': [27.0], 'score_lb': [-29.0]}",True,False,0.3975460000000055
1,"{'u': [9.0, 50.0, 19.0, 1.0, 1.0, 1.0, 1.0, 1.0, 1.0, 1.0, 1.0, 1.0, 1.0, 1.0, 55.0, 85.0, 47.0, 23.0, 1.0], 'l': [3.0, 0.0, 0.0, 1.0, 0.0, 0.0, 0.0, 0.0, 0.0, 0.0, 0.0, 0.0, 0.0, 0.0, 0.0, 0.0, 0.0, 0.0, 0.0], 'score_ub': [31.0], 'score_lb': [27.0]}",True,False,7.794149000000004
2,"{'u': [9.0, 50.0, 19.0, 1.0, 1.0, 1.0, 1.0, 1.0, 1.0, 1.0, 1.0, 1.0, 1.0, 1.0, 55.0, 85.0, 47.0, 1.0, 1.0], 'l': [3.0, 0.0, 0.0, 0.0, 0.0, 0.0, 0.0, 0.0, 0.0, 0.0, 0.0, 0.0, 0.0, 0.0, 0.0, 0.0, 0.0, 0.0, 0.0], 'score_ub': [32.0], 'score_lb': [31.0]}",True,False,19.09223399999999
3,"{'u': [9.0, 50.0, 19.0, 1.0, 1.0, 1.0, 1.0, 1.0, 1.0, 1.0, 1.0, 1.0, 1.0, 1.0, 55.0, 85.0, 47.0, 23.0, 1.0], 'l': [3.0, 0.0, 0.0, 1.0, 0.0, 0.0, 0.0, 0.0, 0.0, 0.0, 0.0, 0.0, 1.0, 0.0, 0.0, 0.0, 0.0, 0.0, 0.0], 'score_ub': [33.0], 'score_lb': [32.0]}",True,False,1.0370659999999958
4,"{'u': [9.0, 50.0, 19.0, 0.0, 1.0, 1.0, 1.0, 1.0, 1.0, 1.0, 1.0, 1.0, 1.0, 1.0, 54.0, 79.0, 47.0, 23.0, 0.0], 'l': [3.0, 0.0, 0.0, 0.0, 0.0, 0.0, 0.0, 0.0, 0.0, 0.0, 0.0, 0.0, 0.0, 0.0, 0.0, 0.0, 0.0, 0.0, 0.0], 'score_ub': [28.0], 'score_lb': [27.0]}",True,False,2.4564610000000044
